CD,ST,District,State,Incumbent,Party,Clinton,Trump,Obama12,Romney,Obama08,McCain,GEOID,bvap,cvap,bvap_pct,black_pop,total_pop,black_pct,is_in_cbc
AL-01,AL,01,Alabama,"Byrne, Bradley",(R),34.1,63.5,37.4,61.8,38.5,60.9,50000US0101,139660,526450,0.265286352,193805,699595,0.277024564,FALSE
AL-02,AL,02,Alabama,"Roby, Martha",(R),33.0,64.9,36.4,62.9,35.0,64.5,50000US0102,153890,514995,0.298818435,209880,683015,0.307284613,FALSE
AL-03,AL,03,Alabama,"Rogers, Mike",(R),32.3,65.3,36.8,62.3,36.6,62.6,50000US0103,133730,532720,0.251032437,177130,700550,0.252844194,FALSE
AL-04,AL,04,Alabama,"Aderholt, Rob",(R),17.4,80.4,24.0,74.8,25.5,73.3,50000US0104,35350,510100,0.069300137,47040,683605,0.068811668,FALSE
AL-05,AL,05,Alabama,"Brooks, Mo",(R),31.3,64.7,34.9,63.9,36.3,62.6,50000US0105,90580,530085,0.170878255,121015,704795,0.17170241,FALSE
AL-06,AL,06,Alabama,"Palmer, Gary",(R),26.1,70.8,24.7,74.3,25.0,74.1,50000US0106,73710,511790,0.144023916,102025,694370,0.146931751,FALSE
AL-07,AL,07,Alabama,"Sewell, Terri",(D),69.8,28.6,72.4,27.1,71.5,28.1,50000US0107,318590,513355,0.620603676,427850,675230,0.633635946,TRUE
AK-AL,AK,AL,Alaska,"Young, Don",(R),37.6,52.8,41.2,55.3,38.1,59.7,50000US0200,16520,527810,0.031299142,23235,736855,0.031532662,FALSE
AZ-01,AZ,01,Arizona,"O'Halleran, Tom",(D),46.6,47.7,47.9,50.4,47.8,51.0,50000US0401,11750,530215,0.022160822,15955,735985,0.021678431,FALSE
AZ-02,AZ,02,Arizona,"McSally, Martha",(R),49.6,44.7,48.4,49.9,48.9,49.8,50000US0402,19495,535575,0.036400131,27730,720795,0.03847141,FALSE
AZ-03,AZ,03,Arizona,"Grijalva, Raul",(D),62.4,32.5,61.4,36.9,58.2,40.7,50000US0403,22385,448730,0.049885232,31970,739670,0.043221977,FALSE
AZ-04,AZ,04,Arizona,"Gosar, Paul",(R),27.5,67.7,31.0,67.2,34.4,64.2,50000US0404,9330,555930,0.016782688,12750,738650,0.01726122,FALSE
AZ-05,AZ,05,Arizona,"Biggs, Andy",(R),36.5,57.6,34.6,63.8,36.3,62.6,50000US0405,15165,528135,0.028714249,21665,765405,0.028305276,FALSE
AZ-06,AZ,06,Arizona,"Schweikert, David",(R),42.4,52.4,38.8,59.5,41.2,57.7,50000US0406,13815,545870,0.025308224,19175,752460,0.025483082,FALSE
AZ-07,AZ,07,Arizona,"Gallego, Ruben",(D),71.8,22.6,71.7,26.5,64.7,34.1,50000US0407,46965,388040,0.121031337,71220,767495,0.092795393,FALSE
AZ-08,AZ,08,Arizona,"Lesko, Debbie",(R),37.0,58.1,36.9,61.7,38.4,60.6,50000US0408,23150,551615,0.041967677,32135,753310,0.042658401,FALSE
AZ-09,AZ,09,Arizona,"Sinema, Kyrsten",(D),54.7,38.4,51.1,46.6,51.3,47.4,50000US0409,28025,529465,0.052930789,39140,754810,0.051854109,FALSE
AR-01,AR,01,Arkansas,"Crawford, Rick",(R),30.2,65.0,36.3,61.0,39.2,58.0,50000US0501,92245,547025,0.168630319,130145,724990,0.179512821,FALSE
AR-02,AR,02,Arkansas,"Hill, French",(R),41.7,52.4,42.9,54.7,44.3,53.8,50000US0502,118405,559250,0.211721055,166645,754820,0.220774489,FALSE
AR-03,AR,03,Arkansas,"Womack, Steve",(R),30.5,61.9,31.6,65.5,33.9,63.7,50000US0503,15280,532875,0.028674642,21770,772675,0.028174847,FALSE
AR-04,AR,04,Arkansas,"Westerman, Bruce",(R),31.3,64.2,35.9,61.8,37.4,59.9,50000US0504,102430,536190,0.191033029,140315,715985,0.195974776,FALSE
CA-01,CA,01,California,"LaMalfa, Doug",(R),36.5,56.2,40.3,56.6,42,53,50000US0601,8210,542180,0.015142573,9850,703985,0.013991775,FALSE
CA-02,CA,02,California,"Huffman, Jared",(D),69.0,23.3,69.0,27.0,71,25,50000US0602,8120,520500,0.015600384,10090,713615,0.014139277,FALSE
CA-03,CA,03,California,"Garamendi, John",(D),53.0,40.4,54.3,43.1,55,42,50000US0603,33005,482835,0.068356685,41990,722895,0.058085891,FALSE
CA-04,CA,04,California,"McClintock, Tom",(R),39.3,54.0,39.5,57.9,43,54,50000US0604,7090,539630,0.013138632,8880,718700,0.012355642,FALSE
CA-05,CA,05,California,"Thompson, Mike",(D),69.2,24.3,69.7,27.5,70,26,50000US0605,33250,502210,0.066207363,44175,724965,0.060933976,FALSE
CA-06,CA,06,California,"Matsui, Doris",(D),69.2,24.4,69.1,28.3,68,29,50000US0606,65145,479665,0.135813537,88705,734450,0.120777453,FALSE
CA-07,CA,07,California,"Bera, Ami",(D),52.3,40.9,50.8,46.8,51,46,50000US0607,39005,512085,0.076168995,53655,732955,0.073203676,FALSE
CA-08,CA,08,California,"Cook, Paul",(R),39.6,54.7,41.7,55.6,42,55,50000US0608,37850,472380,0.08012617,55665,716170,0.077725959,FALSE
CA-09,CA,09,California,"McNerney, Jerry",(D),56.6,38.0,57.8,40.1,56,41,50000US0609,44075,454070,0.097066532,62820,739025,0.08500389,FALSE
CA-10,CA,10,California,"Denham, Jeff",(R),48.5,45.5,50.6,47.0,50,47,50000US0610,16030,455035,0.035228059,21745,729020,0.029827714,FALSE
CA-11,CA,11,California,"DeSaulnier, Mark",(D),71.5,22.7,67.6,30.0,69,28,50000US0611,46050,484800,0.094987624,60940,739385,0.082419849,FALSE
CA-12,CA,12,California,"Pelosi, Nancy",(D),86.2,8.7,84.1,12.5,84,13,50000US0612,31235,550100,0.056780585,39175,740335,0.052915234,FALSE
CA-13,CA,13,California,"Lee, Barbara",(D),87.4,6.8,87.5,9.0,87,10,50000US0613,99960,504590,0.198101429,128810,740685,0.173906586,TRUE
CA-14,CA,14,California,"Speier, Jackie",(D),76.9,18.2,74.2,23.6,73,24,50000US0614,17660,485145,0.036401488,21915,741330,0.029561734,FALSE
CA-15,CA,15,California,"Swalwell, Eric",(D),69.9,24.2,68.0,29.8,67,30,50000US0615,32575,467980,0.069607676,44260,751440,0.058900245,FALSE
CA-16,CA,16,California,"Costa, Jim",(D),58.0,36.4,58.6,39.4,57,40,50000US0616,29645,389255,0.076158302,40650,721110,0.056371427,FALSE
CA-17,CA,17,California,"Khanna, Ro",(D),73.9,20.5,71.9,25.5,69,28,50000US0617,13505,429325,0.031456356,18475,748800,0.02467281,FALSE
CA-18,CA,18,California,"Eshoo, Anna",(D),73.4,20.2,68.2,28.9,70,27,50000US0618,9515,474180,0.02006622,13410,730780,0.018350256,FALSE
CA-19,CA,19,California,"Lofgren, Zoe",(D),72.9,21.5,71.2,26.5,68,29,50000US0619,15730,459045,0.034266793,21245,748955,0.02836619,FALSE
CA-20,CA,20,California,"Panetta, Jimmy",(D),70.4,23.2,70.9,26.2,71,26,50000US0620,11140,424375,0.026250368,13330,729525,0.018272163,FALSE
CA-21,CA,21,California,"Valadao, David",(R),55.2,39.7,54.6,43.5,52,46,50000US0621,21390,342085,0.062528319,27800,711465,0.039074304,FALSE
CA-22,CA,22,California,"Nunes, Devin",(R),42.6,52.1,41.6,56.6,42,55,50000US0622,14680,458360,0.032027228,20925,739450,0.028298059,FALSE
CA-23,CA,23,California,"McCarthy, Kevin",(R),36.1,58.1,36.1,61.5,36,61,50000US0623,31440,478295,0.065733491,44855,730050,0.061440997,FALSE
CA-24,CA,24,California,"Carbajal, Salud",(D),56.7,36.5,54.1,43.1,56,41,50000US0624,10755,498910,0.021556994,12980,727935,0.017831262,FALSE
CA-25,CA,25,California,"Knight, Steve",(R),50.3,43.6,47.8,49.7,49,48,50000US0625,37985,466130,0.081490142,54325,719970,0.075454533,FALSE
CA-26,CA,26,California,"Brownley, Julia",(D),57.9,36.0,54.0,43.7,56,41,50000US0626,9535,455215,0.020946146,12240,720335,0.016992094,FALSE
CA-27,CA,27,California,"Chu, Judy",(D),66.0,28.4,62.6,35.0,61,35,50000US0627,26030,481155,0.054098991,31885,717210,0.044456993,FALSE
CA-28,CA,28,California,"Schiff, Adam",(D),72.1,22.3,70.3,26.5,70,26,50000US0628,16045,493205,0.032532111,19000,716990,0.026499672,FALSE
CA-29,CA,29,California,"Cardenas, Tony",(D),77.7,16.8,77.0,20.5,74,23,50000US0629,20670,379540,0.054460663,25970,717765,0.036181759,FALSE
CA-30,CA,30,California,"Sherman, Brad",(D),69.1,25.7,65.3,32.1,66,31,50000US0630,26130,506390,0.051600545,34555,750370,0.046050615,FALSE
CA-31,CA,31,California,"Aguilar, Pete",(D),57.7,36.6,57.2,40.6,56,41,50000US0631,54605,456310,0.119666455,74420,733580,0.101447695,FALSE
CA-32,CA,32,California,"Napolitano, Grace",(D),66.6,27.7,65.2,32.5,62,35,50000US0632,15255,441890,0.034522166,19095,719110,0.026553657,FALSE
CA-33,CA,33,California,"Lieu, Ted",(D),67.8,26.5,60.6,36.8,64,33,50000US0633,15055,523965,0.028732835,20050,713625,0.028095989,FALSE
CA-34,CA,34,California,"Gomez, Jimmy",(D),83.6,10.7,83.0,14.1,77,19,50000US0634,25535,360785,0.070776224,30155,720385,0.041859561,FALSE
CA-35,CA,35,California,"Torres, Norma",(D),67.7,26.9,67.4,30.6,64,32,50000US0635,36065,410065,0.087949471,48190,730260,0.065990195,FALSE
CA-36,CA,36,California,"Ruiz, Raul",(D),52.2,43.4,50.7,47.5,50,47,50000US0636,21355,466145,0.045811925,29625,736045,0.040248898,FALSE
CA-37,CA,37,California,"Bass, Karen",(D),85.7,9.6,84.9,12.7,84,13,50000US0637,134150,455340,0.294615013,169025,722140,0.234061262,TRUE
CA-38,CA,38,California,"Sanchez, Linda",(D),67.0,27.4,64.9,33.0,61,35,50000US0638,20520,461625,0.044451665,27095,717230,0.037777282,FALSE
CA-39,CA,39,California,"Royce, Ed",(R),51.5,42.9,47.1,50.8,47,49,50000US0639,11765,475345,0.024750444,15095,722855,0.020882473,FALSE
CA-40,CA,40,California,"Roybal-Allard, Lucille",(D),82.2,12.8,81.5,16.5,77,19,50000US0640,24660,313880,0.078565057,33280,709435,0.04691057,FALSE
CA-41,CA,41,California,"Takano, Mark",(D),61.0,33.1,61.5,36.3,59,38,50000US0641,49340,439095,0.112367483,67055,739305,0.090700049,FALSE
CA-42,CA,42,California,"Calvert, Ken",(R),41.4,53.4,41.4,56.5,43,54,50000US0642,29130,490860,0.059344823,38965,761340,0.051179499,FALSE
CA-43,CA,43,California,"Waters, Maxine",(D),78.4,16.7,78.0,20.0,75,22,50000US0643,122695,427460,0.287032705,163225,719530,0.226849471,TRUE
CA-44,CA,44,California,"Barragan, Nanette",(D),83.0,12.3,84.7,13.6,81,16,50000US0644,85105,378020,0.225133591,112515,721110,0.156030287,FALSE
CA-45,CA,45,California,"Walters, Mimi",(R),49.8,44.4,43.0,54.8,46,51,50000US0645,9390,505170,0.018587802,13360,749685,0.017820818,FALSE
CA-46,CA,46,California,"Correa, Lou",(D),66.3,27.9,61.4,36.2,58,39,50000US0646,8050,358965,0.022425585,10725,726305,0.014766524,FALSE
CA-47,CA,47,California,"Lowenthal, Alan",(D),62.6,31.0,60.0,37.5,58,39,50000US0647,38685,464280,0.083322564,51300,716960,0.071552109,FALSE
CA-48,CA,48,California,"Rohrabacher, Dana",(R),47.9,46.2,43.0,54.7,46,51,50000US0648,6540,516420,0.012664111,8165,723985,0.011277858,FALSE
CA-49,CA,49,California,"Issa, Darrell",(R),50.7,43.2,45.7,52.4,49,48,50000US0649,14030,504795,0.027793461,18625,729770,0.02552174,FALSE
CA-50,CA,50,California,"Hunter, Duncan",(R),39.6,54.6,37.6,60.4,39,58,50000US0650,14045,483140,0.029070249,18940,736000,0.025733696,FALSE
CA-51,CA,51,California,"Vargas, Juan",(D),71.8,22.8,69.4,28.9,65,32,50000US0651,34640,406185,0.085281337,45950,730710,0.062884044,FALSE
CA-52,CA,52,California,"Peters, Scott",(D),58.1,35.6,52.1,45.7,55,43,50000US0652,16820,528915,0.031800951,21335,742155,0.028747364,FALSE
CA-53,CA,53,California,"Davis, Susan",(D),64.5,29.6,61.4,36.4,61,36,50000US0653,43765,525270,0.083319055,59135,753025,0.078529929,FALSE
CO-01,CO,01,Colorado,"DeGette, Diana",(D),69.0,23.2,69.0,28.8,70.9,27.6,50000US0801,45560,555290,0.082047219,65175,786255,0.082892955,FALSE
CO-02,CO,02,Colorado,"Polis, Jared",(D),56.2,34.9,57.9,39.5,61.2,37.2,50000US0802,4760,589025,0.008081151,6325,771980,0.008193217,FALSE
CO-03,CO,03,Colorado,"Tipton, Scott",(R),40.0,52.0,45.8,51.8,48.4,49.9,50000US0803,4430,537705,0.008238718,5925,727400,0.00814545,FALSE
CO-04,CO,04,Colorado,"Buck, Ken",(R),34.3,57.4,39.2,58.5,41.9,56.4,50000US0804,6825,532295,0.012821838,9970,764155,0.013047091,FALSE
CO-05,CO,05,Colorado,"Lamborn, Doug",(R),33.2,57.2,38.3,59.1,39.7,58.8,50000US0805,30065,556315,0.054043123,41350,761750,0.054282901,FALSE
CO-06,CO,06,Colorado,"Coffman, Mike",(R),50.2,41.3,51.6,46.5,53.6,44.9,50000US0806,43965,515295,0.085320059,69935,779950,0.089666004,FALSE
CO-07,CO,07,Colorado,"Perlmutter, Ed",(D),51.4,39.4,56.1,41.3,57.4,40.7,50000US0807,7470,538515,0.01387148,10885,767810,0.014176684,FALSE
CT-01,CT,01,Connecticut,"Larson, John",(D),59.4,36.3,63.3,35.6,65.8,32.9,50000US0901,66055,516180,0.127968926,103185,715145,0.144285425,FALSE
CT-02,CT,02,Connecticut,"Courtney, Joe",(D),48.7,45.8,55.9,42.6,58.6,40.0,50000US0902,19010,547310,0.034733515,25470,709760,0.03588537,FALSE
CT-03,CT,03,Connecticut,"DeLauro, Rosa",(D),55.9,40.4,62.6,36.3,62.6,36.2,50000US0903,65105,530185,0.12279676,93580,715345,0.130817997,FALSE
CT-04,CT,04,Connecticut,"Himes, Jim",(D),59.6,36.6,55.1,44.0,59.6,39.7,50000US0904,54600,476095,0.114682994,86660,733755,0.118104817,FALSE
CT-05,CT,05,Connecticut,"Esty, Elizabeth",(D),49.9,45.8,53.5,45.3,56.4,42.4,50000US0905,29975,513110,0.058418273,42465,714565,0.059427764,FALSE
DE-AL,DE,AL,Delaware,"Blunt Rochester, Lisa",(D),53.4,41.9,58.6,40.0,61.9,36.9,50000US1000,142015,689655,0.205921801,198445,934695,0.212309898,FALSE
FL-01,FL,01,Florida,"Gaetz, Matt",(R),28.2,67.5,30.1,68.5,32.0,66.8,50000US1201,72645,566265,0.128287992,97385,741950,0.131255475,FALSE
FL-02,FL,02,Florida,"Dunn, Neal",(R),30.6,66.2,34.0,64.6,35.2,63.4,50000US1202,70190,549900,0.127641389,90665,709130,0.127853849,FALSE
FL-03,FL,03,Florida,"Yoho, Ted",(R),40.2,56.2,41.9,56.6,44.2,54.6,50000US1203,81295,542395,0.149881544,113290,713475,0.158786222,FALSE
FL-04,FL,04,Florida,"Rutherford, John",(R),34.1,62.1,32.8,66.1,34.8,64.2,50000US1204,49650,562015,0.088342838,66880,747075,0.089522471,FALSE
FL-05,FL,05,Florida,"Lawson, Al",(D),61.3,35.9,63.6,35.4,63.2,35.9,50000US1205,239950,529155,0.453458816,335655,718315,0.467281067,TRUE
FL-06,FL,06,Florida,,(R),39.9,56.9,46.6,52.2,50.1,48.7,50000US1206,53470,575030,0.092986453,73645,728595,0.101078102,FALSE
FL-07,FL,07,Florida,"Murphy, Stephanie",(D),51.4,44.1,49.4,49.4,51.1,48.0,50000US1207,52920,552445,0.095792341,73685,737985,0.099846203,FALSE
FL-08,FL,08,Florida,"Posey, Bill",(R),37.7,58.4,42.1,56.6,43.8,54.9,50000US1208,48095,562860,0.085447536,69845,720695,0.096913396,FALSE
FL-09,FL,09,Florida,"Soto, Darren",(D),54.8,41.9,55.6,43.4,54.6,44.5,50000US1209,60170,530730,0.113372148,94895,780260,0.121619717,FALSE
FL-10,FL,10,Florida,"Demings, Val",(D),61.8,34.9,60.7,38.4,60.9,38.5,50000US1210,127380,498575,0.255488141,209425,762105,0.274798092,TRUE
FL-11,FL,11,Florida,"Webster, Dan",(R),32.5,64.8,39.8,59.2,42.6,56.1,50000US1211,37125,596990,0.062186971,50415,727835,0.069267073,FALSE
FL-12,FL,12,Florida,"Bilirakis, Gus",(R),38.8,57.4,45.5,53.0,47.4,51.2,50000US1212,22005,562145,0.039144705,31780,729430,0.043568266,FALSE
FL-13,FL,13,Florida,"Crist, Charlie",(D),49.6,46.4,54.6,43.9,55.5,43.0,50000US1213,62190,555010,0.112052035,87275,711120,0.122728935,FALSE
FL-14,FL,14,Florida,"Castor, Kathy",(D),57.2,39.0,57.6,41.2,58.1,40.9,50000US1214,87335,512900,0.170276857,128725,739945,0.173965633,FALSE
FL-15,FL,15,Florida,"Ross, Dennis",(R),43.1,53.1,46.6,52.2,46.7,52.1,50000US1215,70130,532485,0.13170324,102785,745465,0.137880383,FALSE
FL-16,FL,16,Florida,"Buchanan, Vern",(R),43.0,53.7,45.1,53.7,47.7,51.2,50000US1216,42760,560555,0.076281542,63545,760540,0.083552476,FALSE
FL-17,FL,17,Florida,"Rooney, Tom",(R),35.0,62.2,41.3,57.6,43.9,54.7,50000US1217,38145,564130,0.067617393,54770,729130,0.07511692,FALSE
FL-18,FL,18,Florida,"Mast, Brian",(R),44.1,53.3,47.7,51.4,51.2,47.9,50000US1218,58415,547435,0.106706732,90570,730785,0.12393522,FALSE
FL-19,FL,19,Florida,"Rooney, Francis",(R),37.5,59.6,38.7,60.5,42.3,56.8,50000US1219,31765,560780,0.056644317,57220,757390,0.075548925,FALSE
FL-20,FL,20,Florida,"Hastings, Alcee",(D),80.2,18.1,82.5,17.1,80.9,18.6,50000US1220,235265,459945,0.511506811,395580,752660,0.525575957,TRUE
FL-21,FL,21,Florida,"Frankel, Lois",(D),58.6,39.1,60.4,38.9,63.4,35.9,50000US1221,59485,512725,0.116017358,112355,738760,0.152085928,FALSE
FL-22,FL,22,Florida,"Deutch, Ted",(D),56.8,41.0,56.3,43.0,58.3,41.0,50000US1222,59490,512670,0.116039558,107795,733500,0.146959782,FALSE
FL-23,FL,23,Florida,"Wasserman Schultz, Debbie",(D),61.9,35.8,61.4,38.0,62.0,37.3,50000US1223,62055,494965,0.125372501,97810,741075,0.131983942,FALSE
FL-24,FL,24,Florida,"Wilson, Frederica",(D),82.9,15.4,85.7,13.9,84.0,15.6,50000US1224,223910,443490,0.504881734,353380,734085,0.481388395,TRUE
FL-25,FL,25,Florida,"Diaz-Balart, Mario",(R),47.9,49.7,44.9,54.5,40.6,58.8,50000US1225,16145,414085,0.038989579,27820,744165,0.037384182,FALSE
FL-26,FL,26,Florida,"Curbelo, Carlos",(R),56.8,40.5,55.4,43.9,51.5,47.9,50000US1226,53765,457955,0.117402365,84515,761160,0.111034474,FALSE
FL-27,FL,27,Florida,"Ros-Lehtinen, Ileana",(R),58.5,38.9,53.0,46.3,50.1,49.3,50000US1227,21995,438255,0.050187676,30015,737825,0.040680378,FALSE
GA-01,GA,01,Georgia,"Carter, Buddy",(R),40.9,56.4,43.0,55.9,44.4,55.0,50000US1301,153425,527655,0.290767642,212110,723375,0.293222741,FALSE
GA-02,GA,02,Georgia,"Bishop, Sanford",(D),55.0,43.3,58.6,40.8,57.9,41.6,50000US1302,255430,504255,0.506549266,352525,685990,0.513892331,TRUE
GA-03,GA,03,Georgia,"Ferguson, Drew",(R),32.8,64.3,33.0,65.9,34.0,65.3,50000US1303,121050,518970,0.233250477,168575,714265,0.236011844,FALSE
GA-04,GA,04,Georgia,"Johnson, Hank",(D),75.3,22.2,73.6,25.6,73.2,26.3,50000US1304,294465,485240,0.606844036,429660,730840,0.587898856,TRUE
GA-05,GA,05,Georgia,"Lewis, John",(D),85.0,11.9,83.1,15.8,84.4,15.0,50000US1305,322110,543810,0.592320847,428530,736160,0.582115301,TRUE
GA-06,GA,06,Georgia,"Handel, Karen",(R),46.8,48.3,37.5,60.8,40.1,59.0,50000US1306,66980,469400,0.142692799,97975,731335,0.133967334,FALSE
GA-07,GA,07,Georgia,"Woodall, Rob",(R),44.8,51.1,38.3,60.2,39.1,60.1,50000US1307,92145,452545,0.20361511,145055,761510,0.190483382,FALSE
GA-08,GA,08,Georgia,"Scott, Austin",(R),34.4,63.3,37.5,61.6,37.8,61.6,50000US1308,154530,514725,0.300218563,211650,703465,0.300867847,FALSE
GA-09,GA,09,Georgia,"Collins, Doug",(R),19.3,77.8,20.5,78.1,24.3,74.7,50000US1309,35880,510760,0.070248257,49260,716775,0.068724495,FALSE
GA-10,GA,10,Georgia,"Hice, Jodi",(R),35.8,61.3,36.3,62.5,38.8,60.4,50000US1310,130760,529455,0.246970942,181845,720980,0.252219202,FALSE
GA-11,GA,11,Georgia,"Loudermilk, Barry",(R),35.3,60.3,31.5,66.9,34.7,64.3,50000US1311,80705,504200,0.16006545,116910,735545,0.158943369,FALSE
GA-12,GA,12,Georgia,"Allen, Rick",(R),40.7,56.9,43.6,55.4,43.9,55.6,50000US1312,179465,522900,0.343210939,246580,709370,0.347604212,FALSE
GA-13,GA,13,Georgia,"Scott, David",(D),71.0,26.6,69.2,30.0,67.1,32.3,50000US1313,283355,487680,0.581026493,416630,729460,0.571148521,TRUE
GA-14,GA,14,Georgia,"Graves, Tom",(R),22.1,75.0,25.3,73.2,27.8,71.0,50000US1314,42680,492210,0.086710957,60510,700245,0.086412613,FALSE
HI-01,HI,01,Hawaii,"Hanabusa, Colleen",(D),63.1,30.5,69.7,29.0,70.3,28.3,50000US1501,11005,501890,0.021927116,13770,707395,0.019465786,FALSE
HI-02,HI,02,Hawaii,"Gabbard, Tulsi",(D),61.4,29.6,71.4,26.7,73.4,24.9,50000US1502,7850,504835,0.015549635,10245,706275,0.014505681,FALSE
ID-01,ID,01,Idaho,"Labrador, Raul",(R),25.4,63.7,32.2,64.9,35.1,62.5,50000US1601,1960,599525,0.003269255,3410,833725,0.004090078,FALSE
ID-02,ID,02,Idaho,"Simpson, Mike",(R),29.8,54.5,33.1,64.1,37.1,60.5,50000US1602,3395,549370,0.006179806,6445,801755,0.008038615,FALSE
IL-01,IL,01,Illinois,"Rush, Bobby",(D),75.4,21.4,79.0,20.2,80.8,18.5,50000US1701,276850,521970,0.530394467,363885,710090,0.512449126,TRUE
IL-02,IL,02,Illinois,"Kelly, Robin",(D),78.0,19.1,80.7,18.5,81.1,18.2,50000US1702,287930,508975,0.565705585,394105,704140,0.559696935,TRUE
IL-03,IL,03,Illinois,"Lipinski, Dan",(D),55.2,39.9,55.9,42.6,58.3,40.4,50000US1703,25810,474230,0.054425068,34085,722175,0.047197701,FALSE
IL-04,IL,04,Illinois,"Gutierrez, Luis",(D),82.1,13.2,80.9,17.1,80.5,18.2,50000US1704,19705,364960,0.053992218,27575,702320,0.039262729,FALSE
IL-05,IL,05,Illinois,"Quigley, Mike",(D),70.5,23.9,66.0,31.8,69.9,28.8,50000US1705,15410,530135,0.029068068,19205,732035,0.026235084,FALSE
IL-06,IL,06,Illinois,"Roskam, Peter",(R),50.2,43.2,45.1,53.3,51.3,47.3,50000US1706,12105,511440,0.023668466,18010,724600,0.024855092,FALSE
IL-07,IL,07,Illinois,"Davis, Danny",(D),87.4,9.2,87.2,11.8,89.4,9.9,50000US1707,266930,518535,0.514777209,358235,728895,0.491476825,TRUE
IL-08,IL,08,Illinois,"Krishnamoorthi, Raja",(D),58.1,36.4,57.4,40.9,61.5,37.1,50000US1708,21650,442875,0.048885126,32620,716965,0.045497339,FALSE
IL-09,IL,09,Illinois,"Schakowsky, Jan",(D),70.1,24.9,65.0,33.3,68.6,30.3,50000US1709,43040,500830,0.085937344,63970,718765,0.088999882,FALSE
IL-10,IL,10,Illinois,"Schneider, Brad",(D),62.0,32.6,57.5,41.1,63.0,35.9,50000US1710,32970,456465,0.072228977,46950,713715,0.06578256,FALSE
IL-11,IL,11,Illinois,"Foster, Bill",(D),58.9,35.4,57.8,40.6,61.3,37.5,50000US1711,54875,460610,0.119135494,78715,722750,0.108910412,FALSE
IL-12,IL,12,Illinois,"Bost, Mike",(R),40.2,55.0,49.7,48.2,54.7,43.6,50000US1712,85060,537815,0.158158475,117515,703345,0.167080167,FALSE
IL-13,IL,13,Illinois,"Davis, Rodney",(R),44.2,49.7,48.6,48.9,54.6,43.6,50000US1713,54875,543100,0.101040324,79375,709735,0.111837517,FALSE
IL-14,IL,14,Illinois,"Hultgren, Randy",(R),44.8,48.7,44.2,54.2,50.7,48.0,50000US1714,15775,505470,0.031208578,22770,725480,0.031386117,FALSE
IL-15,IL,15,Illinois,"Shimkus, John",(R),24.5,70.7,34.1,63.9,42.8,55.4,50000US1715,22555,539210,0.041829714,29810,703110,0.042397349,FALSE
IL-16,IL,16,Illinois,"Kinzinger, Adam",(R),38.3,55.5,45.2,52.9,50.0,48.2,50000US1716,18615,524970,0.035459169,26145,700935,0.037300178,FALSE
IL-17,IL,17,Illinois,"Bustos, Cheri",(D),46.7,47.4,57.6,40.6,60.0,38.5,50000US1717,52705,520405,0.10127689,78720,698800,0.112650258,FALSE
IL-18,IL,18,Illinois,"LaHood, Darin",(R),33.3,60.6,37.4,60.7,44.1,54.4,50000US1718,19625,541480,0.036243259,26190,713835,0.036689151,FALSE
IN-01,IN,01,Indiana,"Visclosky, Pete",(D),54.1,41.5,61.2,37.4,63.3,35.8,50000US1801,97175,528740,0.183785982,135865,717040,0.189480364,FALSE
IN-02,IN,02,Indiana,"Walorski, Jackie",(R),36.1,59.3,42.1,56.1,49.6,49.3,50000US1802,32080,516955,0.062055692,48745,721460,0.067564383,FALSE
IN-03,IN,03,Indiana,"Banks, Jim",(R),30.1,65.1,35.7,62.5,43.0,56.0,50000US1803,29520,526585,0.056059326,43475,733725,0.059252445,FALSE
IN-04,IN,04,Indiana,"Rokita, Todd",(R),30.2,64.3,36.9,60.9,44.6,54.2,50000US1804,18635,543065,0.034314493,27305,741150,0.036841395,FALSE
IN-05,IN,05,Indiana,"Brooks, Susan",(R),41.3,53.1,40.7,57.5,46.6,52.6,50000US1805,44000,545740,0.080624473,60165,749285,0.080296549,FALSE
IN-06,IN,06,Indiana,"Messer, Luke",(R),27.4,67.7,37.3,60.4,43.6,55.0,50000US1806,12780,545480,0.023428907,17905,719080,0.024899872,FALSE
IN-07,IN,07,Indiana,"Carson, Andre",(D),59.0,36.2,62.9,35.4,66.3,32.8,50000US1807,149455,508400,0.293971282,220315,747290,0.294818611,TRUE
IN-08,IN,08,Indiana,"Bucshon, Larry",(R),30.9,64.6,39.6,58.4,48.1,50.6,50000US1808,21630,551310,0.039233825,28920,721950,0.040058176,FALSE
IN-09,IN,09,Indiana,"Hollingsworth, Trey",(R),34.2,61.1,40.7,57.2,46.2,52.7,50000US1809,14315,558280,0.025641255,20115,738600,0.027233956,FALSE
IA-01,IA,01,Iowa,"Blum, Rod",(R),45.2,48.7,56.2,42.5,58.5,40.4,50000US1901,16450,578335,0.028443722,27000,769895,0.035069717,FALSE
IA-02,IA,02,Iowa,"Loebsack, David",(D),45.0,49.1,55.8,42.7,57.1,41.6,50000US1902,18110,577685,0.031349265,30980,775700,0.03993812,FALSE
IA-03,IA,03,Iowa,"Young, David",(R),45.0,48.5,51.4,47.2,52.4,46.3,50000US1903,19065,574135,0.033206476,32060,801130,0.040018474,FALSE
IA-04,IA,04,Iowa,"King, Steve",(R),33.5,60.9,45.3,53.4,48.5,50.2,50000US1904,6915,564890,0.012241321,11175,759860,0.014706656,FALSE
KS-01,KS,01,Kansas,"Marshall, Roger",(R),24.3,69.3,27.6,70.1,31.0,67.2,50000US2001,14960,506790,0.02951913,20785,716380,0.029013931,FALSE
KS-02,KS,02,Kansas,"Jenkins, Lynn",(R),37.4,55.8,42.0,55.6,45.3,52.8,50000US2002,23360,535285,0.043640304,30920,714490,0.043275623,FALSE
KS-03,KS,03,Kansas,"Yoder, Kevin",(R),47.2,46.0,44.3,53.8,48.8,49.9,50000US2003,43460,510660,0.08510555,63260,746160,0.084780744,FALSE
KS-04,KS,04,Kansas,"Estes, Ron",(R),33.0,60.2,36.1,61.6,39.5,58.6,50000US2004,32915,509040,0.06466093,48785,721260,0.067638577,FALSE
KY-01,KY,01,Kentucky,"Comer, James",(R),23.9,72.4,32.1,66.4,36.9,61.6,50000US2101,37835,550435,0.068736545,50145,723570,0.06930221,FALSE
KY-02,KY,02,Kentucky,"Guthrie, Brett",(R),27.6,67.5,35.1,63.3,37.2,61.5,50000US2102,29865,556310,0.053684097,40085,743450,0.053917547,FALSE
KY-03,KY,03,Kentucky,"Yarmuth, John",(D),54.9,39.9,55.7,42.8,56.2,42.8,50000US2103,109565,546500,0.200484904,157325,739210,0.21282856,FALSE
KY-04,KY,04,Kentucky,"Massie, Thomas",(R),29.3,65.2,34.8,63.4,37.0,61.5,50000US2104,18315,550835,0.033249521,24545,743505,0.033012555,FALSE
KY-05,KY,05,Kentucky,"Rogers, Hal",(R),17.5,79.6,23.2,75.0,31.6,66.6,50000US2105,8225,550190,0.014949381,10175,711115,0.014308516,FALSE
KY-06,KY,06,Kentucky,"Barr, Andy",(R),39.4,54.7,42.2,55.8,44.8,53.7,50000US2106,47470,559535,0.084838303,65185,751140,0.086781426,FALSE
LA-01,LA,01,Louisiana,"Scalise, Steve",(R),26.7,68.7,26.9,70.9,25.3,72.7,50000US2201,73675,583600,0.126242289,104945,792295,0.132456976,FALSE
LA-02,LA,02,Louisiana,"Richmond, Cedric",(D),74.6,22.2,75.8,22.8,73.4,25.4,50000US2202,353980,575390,0.615200125,481530,779920,0.617409478,TRUE
LA-03,LA,03,Louisiana,"Higgins, Clay",(R),29.2,67.3,32.3,66.1,34.1,64.2,50000US2203,133855,567630,0.235813822,189210,775985,0.243832033,FALSE
LA-04,LA,04,Louisiana,"Johnson, Mike",(R),36.6,60.6,39.7,59.0,39.9,58.9,50000US2204,186470,563455,0.330940359,257730,759845,0.339187597,FALSE
LA-05,LA,05,Louisiana,"Abraham, Ralph",(R),34.1,63.5,37.7,61.0,36.7,62.0,50000US2205,191695,563195,0.340370564,266685,752485,0.354405736,FALSE
LA-06,LA,06,Louisiana,"Graves, Garret",(R),31.0,64.8,32.0,66.1,30.9,67.5,50000US2206,130945,578770,0.226247041,187290,785140,0.238543444,FALSE
ME-01,ME,01,Maine,"Pingree, Chellie",(D),54.1,39.3,59.6,38.2,60.7,37.5,50000US2301,4635,531155,0.008726266,10790,673135,0.016029474,FALSE
ME-02,ME,02,Maine,"Poliquin, Bruce",(R),41.1,51.4,52.9,44.4,54.6,43.4,50000US2302,2310,520715,0.004436208,4755,656785,0.007239812,FALSE
MD-01,MD,01,Maryland,"Harris, Andy",(R),33.4,62.0,37.7,60.4,38.4,59.6,50000US2401,62200,555065,0.112058948,85665,728395,0.117607891,FALSE
MD-02,MD,02,Maryland,"Ruppersberger, Dutch",(D),60.1,35.7,63.1,35.0,60.6,37.5,50000US2402,171180,536925,0.318815477,250895,751655,0.333790103,FALSE
MD-03,MD,03,Maryland,"Sarbanes, John",(D),62.8,32.3,60.7,37.1,60.1,38.0,50000US2403,109660,540440,0.202908741,159485,747025,0.213493524,FALSE
MD-04,MD,04,Maryland,"Brown, Anthony",(D),77.2,19.7,78.1,20.8,77.3,21.8,50000US2404,283325,487745,0.580887554,388790,741905,0.524042836,TRUE
MD-05,MD,05,Maryland,"Hoyer, Steny",(D),64.1,32.1,66.1,32.4,65.1,33.6,50000US2405,208995,543350,0.384641575,283105,753865,0.375538061,FALSE
MD-06,MD,06,Maryland,"Delaney, John",(D),55.3,40.2,55.2,42.8,56.3,42.0,50000US2406,63065,510380,0.123564795,99215,755155,0.131383623,FALSE
MD-07,MD,07,Maryland,"Cummings, Elijah",(D),75.8,20.2,76.2,22.3,76.2,22.4,50000US2407,291675,535180,0.54500355,389745,727420,0.535790877,TRUE
MD-08,MD,08,Maryland,"Raskin, Jamie",(D),65.0,30.6,62.0,36.0,62.8,35.6,50000US2408,55160,503180,0.109622799,89190,754485,0.118213086,FALSE
MA-01,MA,01,Massachusetts,"Neal, Richard",(D),57.2,36.5,64.0,34.3,64.1,33.7,50000US2501,27965,555730,0.050321199,41645,730825,0.056983546,FALSE
MA-02,MA,02,Massachusetts,"McGovern, Jim",(D),56.2,36.8,58.7,39.2,60.4,37.5,50000US2502,18070,548665,0.032934486,34395,740590,0.046442701,FALSE
MA-03,MA,03,Massachusetts,"Tsongas, Niki",(D),58.2,35.4,56.9,41.4,58.8,39.4,50000US2503,12200,525775,0.023203842,21510,754800,0.028497615,FALSE
MA-04,MA,04,Massachusetts,"Kennedy, Joe",(D),59.2,35.0,57.1,41.3,60.4,37.9,50000US2504,13475,543315,0.02480145,20845,747490,0.027886661,FALSE
MA-05,MA,05,Massachusetts,"Clark, Katherine",(D),69.3,25.7,65.2,33.1,66.2,32.1,50000US2505,19375,520345,0.037234911,34850,753460,0.046253285,FALSE
MA-06,MA,06,Massachusetts,"Moulton, Seth",(D),56.1,38.2,54.7,43.9,56.9,41.4,50000US2506,12695,556965,0.022793174,22770,755440,0.030141375,FALSE
MA-07,MA,07,Massachusetts,"Capuano, Mike",(D),84.1,11.9,82.5,15.6,81.9,16.7,50000US2507,117760,512685,0.229692696,186185,768050,0.242412603,FALSE
MA-08,MA,08,Massachusetts,"Lynch, Stephen",(D),60.4,34.4,57.8,40.8,57.9,40.5,50000US2508,42440,557940,0.076065527,74155,756875,0.097975227,FALSE
MA-09,MA,09,Massachusetts,"Keating, Bill",(D),52.5,41.8,55.5,43.1,57.8,40.6,50000US2509,12930,565905,0.022848358,20530,734615,0.027946611,FALSE
MI-01,MI,01,Michigan,"Bergman, Jack",(R),36.6,57.9,45.3,53.6,49.7,48.4,50000US2601,9920,562555,0.017633831,11020,702600,0.0156846,FALSE
MI-02,MI,02,Michigan,"Huizenga, Bill",(R),38.2,55.8,43.1,56.0,48.0,50.3,50000US2602,30600,529020,0.057842804,44085,724020,0.060889202,FALSE
MI-03,MI,03,Michigan,"Amash, Justin",(R),42.2,51.6,45.8,53.1,49.7,48.6,50000US2603,41725,526275,0.079283644,60345,725580,0.083167948,FALSE
MI-04,MI,04,Michigan,"Moolenaar, John",(R),34.7,59.5,45.5,53.5,49.6,48.6,50000US2604,10335,547355,0.018881713,12385,701885,0.017645341,FALSE
MI-05,MI,05,Michigan,"Kildee, Dan",(D),49.7,45.5,60.7,38.3,63.0,35.3,50000US2605,85465,525345,0.16268357,118195,687000,0.172045124,FALSE
MI-06,MI,06,Michigan,"Upton, Fred",(R),42.9,51.3,48.8,50.2,53.1,45.2,50000US2606,40005,532495,0.075127466,58400,712805,0.081929841,FALSE
MI-07,MI,07,Michigan,"Walberg, Tim",(R),38.7,55.7,47.9,51.0,50.8,47.4,50000US2607,22235,538605,0.041282573,29530,704160,0.041936492,FALSE
MI-08,MI,08,Michigan,"Bishop, Mike",(R),43.9,50.6,48.0,51.1,52.0,46.4,50000US2608,27800,536105,0.051855513,38515,723430,0.053239429,FALSE
MI-09,MI,09,Michigan,"Levin, Sander",(D),51.5,43.7,57.2,41.9,58.1,40.1,50000US2609,61905,540635,0.11450424,88830,715955,0.124072044,FALSE
MI-10,MI,10,Michigan,"Mitchell, Paul",(R),31.6,63.8,43.7,55.3,48.0,50.0,50000US2610,15470,538470,0.028729549,19890,711810,0.02794285,FALSE
MI-11,MI,11,Michigan,"Trott, Dave",(R),45.3,49.7,46.9,52.3,50.2,48.3,50000US2611,27910,518725,0.053805003,37165,717275,0.051814158,FALSE
MI-12,MI,12,Michigan,"Dingell, Debbie",(D),60.8,34.5,66.2,32.8,66.9,31.4,50000US2612,53545,518100,0.103348774,74870,705980,0.106051163,FALSE
MI-13,MI,13,Michigan,,(D),78.8,18.1,85.2,14.3,84.8,14.2,50000US2613,278425,491645,0.566313092,379930,684835,0.554775968,TRUE
MI-14,MI,14,Michigan,"Lawrence, Brenda",(D),79.2,18.3,81.0,18.6,82.2,17.1,50000US2614,295925,503300,0.587969402,393355,692260,0.568218588,TRUE
MN-01,MN,01,Minnesota,"Walz, Tim",(D),38.4,53.3,49.6,48.2,50.8,46.7,50000US2701,9405,492515,0.019095865,18890,668500,0.028257292,FALSE
MN-02,MN,02,Minnesota,"Lewis, Jason",(R),45.3,46.5,49.1,49.0,50.5,47.6,50000US2702,16160,490085,0.032973872,28215,686965,0.041071961,FALSE
MN-03,MN,03,Minnesota,"Paulsen, Erik",(R),50.8,41.4,49.6,48.8,51.0,47.4,50000US2703,24350,496315,0.049061584,48445,695385,0.069666444,FALSE
MN-04,MN,04,Minnesota,"McCollum, Betty",(D),61.5,30.6,62.5,35.5,62.6,35.5,50000US2704,37525,491460,0.076354129,66130,693300,0.095384393,FALSE
MN-05,MN,05,Minnesota,"Ellison, Keith",(D),73.7,18.5,73.5,24.0,73.4,24.5,50000US2705,66215,497815,0.133011259,113600,693190,0.163880033,TRUE
MN-06,MN,06,Minnesota,"Emmer, Tom",(R),33.2,58.9,41.5,56.5,43.2,54.7,50000US2706,8030,498205,0.016117863,17620,687420,0.025632074,FALSE
MN-07,MN,07,Minnesota,"Peterson, Collin",(D),31.0,61.8,44.1,53.9,47.1,50.4,50000US2707,3135,497310,0.006303915,7055,663340,0.010635572,FALSE
MN-08,MN,08,Minnesota,"Nolan, Rick",(D),38.6,54.2,51.7,46.2,53.1,44.5,50000US2708,4475,516760,0.008659726,6705,662770,0.010116632,FALSE
MS-01,MS,01,Mississippi,"Kelly, Trent",(R),32.4,65.4,37.0,61.9,36.6,62.4,50000US2801,148645,561775,0.264598816,205355,755945,0.271653361,FALSE
MS-02,MS,02,Mississippi,"Thompson, Bennie",(D),63.6,35.1,66.4,33.0,64.2,35.2,50000US2802,338620,532965,0.635351289,473510,723745,0.65424977,TRUE
MS-03,MS,03,Mississippi,"Harper, Gregg",(R),36.8,61.3,39.1,60.0,38.4,60.8,50000US2803,189880,558330,0.340085612,262670,748785,0.350794954,FALSE
MS-04,MS,04,Mississippi,"Palazzo, Steven",(R),28.2,69.4,31.2,67.6,31.1,67.9,50000US2804,126105,564700,0.223313264,176950,760715,0.23261011,FALSE
MO-01,MO,01,Missouri,"Clay, Lacy",(D),77.0,18.8,79.9,18.9,80.3,18.6,50000US2901,263870,552275,0.477787334,366030,740260,0.494461405,TRUE
MO-02,MO,02,Missouri,"Wagner, Ann",(R),42.3,52.6,41.4,57.1,46.4,52.6,50000US2902,20625,571815,0.036069358,28205,760780,0.037073793,FALSE
MO-03,MO,03,Missouri,"Luetkemeyer, Blaine",(R),28.1,67.1,36.1,62.0,42.8,55.8,50000US2903,17805,576785,0.030869388,25100,768155,0.032675697,FALSE
MO-04,MO,04,Missouri,"Hartzler, Vicki",(R),29.3,65.3,36.4,61.2,41.9,56.5,50000US2904,26580,575725,0.046167875,34665,761185,0.045540834,FALSE
MO-05,MO,05,Missouri,"Cleaver, Emanuel",(D),54.1,40.6,58.9,39.4,62.0,36.8,50000US2905,117010,558455,0.209524492,165820,757530,0.218895621,TRUE
MO-06,MO,06,Missouri,"Graves, Sam",(R),31.7,63.1,37.9,60.0,43.1,55.3,50000US2906,21530,568245,0.037888587,30665,760050,0.04034603,FALSE
MO-07,MO,07,Missouri,"Long, Billy",(R),24.7,70.4,30.3,67.6,35.3,63.1,50000US2907,9525,574405,0.016582377,14135,764935,0.018478694,FALSE
MO-08,MO,08,Missouri,"Smith, Jason",(R),21.0,75.4,32.0,65.9,38.3,60.0,50000US2908,24450,570175,0.042881571,34400,746755,0.046065979,FALSE
MT-AL,MT,AL,Montana,"Gianforte, Greg",(R),35.9,56.5,41.7,55.4,47.3,49.5,50000US3000,2870,789500,0.003635212,3985,1023390,0.003893921,FALSE
NE-01,NE,01,Nebraska,"Fortenberry, Jeff",(R),36.2,57.5,40.8,57.4,44.2,54.3,50000US3101,11415,455120,0.025081297,17510,630685,0.027763464,FALSE
NE-02,NE,02,Nebraska,"Bacon, Don",(R),46.0,48.2,45.7,52.9,50.0,48.8,50000US3102,40265,442145,0.09106741,62255,643890,0.096685769,FALSE
NE-03,NE,03,Nebraska,"Smith, Adrian",(R),20.0,74.9,27.8,70.2,31.1,67.1,50000US3103,3360,443750,0.007571831,6590,606685,0.010862309,FALSE
NV-01,NV,01,Nevada,"Titus, Dina",(D),61.6,32.6,65.6,32.4,64.5,33.0,50000US3201,50610,404480,0.125123616,71485,685135,0.104337101,FALSE
NV-02,NV,02,Nevada,"Amodei, Mark",(R),39.7,52.0,44.8,52.9,49.4,48.2,50000US3202,9530,494080,0.019288374,12200,696100,0.017526217,FALSE
NV-03,NV,03,Nevada,"Rosen, Jacky",(D),46.5,47.5,49.5,48.7,53.5,44.6,50000US3203,35480,528000,0.06719697,50010,739845,0.06759524,FALSE
NV-04,NV,04,Nevada,"Kihuen, Ruben",(D),49.5,44.6,54.4,43.7,56.4,41.4,50000US3204,72710,475725,0.152840401,101145,718095,0.140851837,FALSE
NH-01,NH,01,New Hampshire,"Shea-Porter, Carol",(D),46.6,48.2,50.2,48.6,52.8,46.4,50000US3301,4835,516980,0.009352393,8990,667330,0.013471596,FALSE
NH-02,NH,02,New Hampshire,"Kuster, Annie",(D),48.6,46.2,54.2,44.5,56.0,43.1,50000US3302,4395,510650,0.008606678,6810,660175,0.010315447,FALSE
NJ-01,NJ,01,New Jersey,"Norcross, Donald",(D),60.6,36.1,65.1,33.8,64.7,34.2,50000US3401,87445,536535,0.16298098,119925,731075,0.164039257,FALSE
NJ-02,NJ,02,New Jersey,"LoBiondo, Frank",(R),46.0,50.6,53.5,45.4,53.2,45.5,50000US3402,64500,534145,0.120753728,87380,729825,0.119727332,FALSE
NJ-03,NJ,03,New Jersey,"MacArthur, Tom",(R),45.2,51.4,51.8,47.2,51.1,47.7,50000US3403,55810,562555,0.099208077,76040,736720,0.103214247,FALSE
NJ-04,NJ,04,New Jersey,"Smith, Chris",(R),41.0,55.8,44.7,54.2,45.3,53.6,50000US3404,32155,521035,0.061713704,46145,738950,0.062446715,FALSE
NJ-05,NJ,05,New Jersey,"Gottheimer, Josh",(D),47.7,48.8,47.9,51.0,48.5,50.5,50000US3405,24865,530115,0.046904917,35310,742080,0.047582471,FALSE
NJ-06,NJ,06,New Jersey,"Pallone, Frank",(D),56.2,40.6,61.4,37.4,58.4,40.5,50000US3406,50560,484280,0.104402412,69860,743100,0.094011573,FALSE
NJ-07,NJ,07,New Jersey,"Lance, Leonard",(R),48.6,47.5,46.3,52.5,47.2,51.6,50000US3407,24315,518765,0.046870934,33450,741495,0.045111565,FALSE
NJ-08,NJ,08,New Jersey,"Sires, Albio",(D),75.7,21.5,78.3,20.7,73.2,26.0,50000US3408,44780,420495,0.106493537,69980,766385,0.091311808,FALSE
NJ-09,NJ,09,New Jersey,"Pascrell, Bill",(D),64.3,33.1,68.3,30.8,64.0,35.2,50000US3409,51345,468600,0.109571063,71175,751660,0.094690419,FALSE
NJ-10,NJ,10,New Jersey,"Payne, Donald",(D),85.2,12.8,87.9,11.5,84.9,14.6,50000US3410,261090,480715,0.543128465,382945,741960,0.516126206,TRUE
NJ-11,NJ,11,New Jersey,"Frelinghuysen, Rodney",(R),47.9,48.8,46.6,52.4,47.0,52.1,50000US3411,19190,538570,0.035631394,25985,740725,0.035080495,FALSE
NJ-12,NJ,12,New Jersey,"Watson Coleman, Bonnie",(D),65.0,31.8,66.5,32.4,65.7,33.3,50000US3412,90570,491465,0.184285758,130925,751470,0.174225185,TRUE
NM-01,NM,01,New Mexico,"Lujan Grisham, Michelle",(D),51.6,35.1,55.3,39.6,59.7,39.0,50000US3501,12585,494330,0.025458702,16760,692610,0.024198322,FALSE
NM-02,NM,02,New Mexico,"Pearce, Steve",(R),39.9,50.1,44.9,51.7,48.4,50.2,50000US3502,8605,473590,0.018169725,11515,698525,0.016484736,FALSE
NM-03,NM,03,New Mexico,"Lujan, Ben",(D),51.8,36.7,57.5,38.7,61.2,37.5,50000US3503,6775,496320,0.013650467,9665,691535,0.013976154,FALSE
NY-01,NY,01,New York,"Zeldin, Lee",(R),42.2,54.5,49.6,49.1,51,48,50000US3601,23625,525330,0.044971732,34490,722040,0.047767437,FALSE
NY-02,NY,02,New York,"King, Peter",(R),43.9,53.0,51.6,47.2,51,48,50000US3602,46080,499445,0.092262411,68575,720950,0.095117553,FALSE
NY-03,NY,03,New York,"Suozzi, Tom",(D),51.6,45.5,50.8,48.2,54,46,50000US3603,15325,519775,0.029483911,21780,724565,0.030059415,FALSE
NY-04,NY,04,New York,"Rice, Kathleen",(D),53.4,43.8,56.3,42.8,55,44,50000US3604,71560,497595,0.143811734,102580,722015,0.142074611,FALSE
NY-05,NY,05,New York,"Meeks, Gregory",(D),85.7,12.7,90.6,9.1,86,14,50000US3605,258710,486265,0.532035001,388465,774750,0.501406905,TRUE
NY-06,NY,06,New York,"Meng, Grace",(D),65.1,32.1,67.8,31.0,63,36,50000US3606,19465,447440,0.04350304,26395,730535,0.036131055,FALSE
NY-07,NY,07,New York,"Velazquez, Nydia",(D),86.9,10.4,88.4,10.3,84,15,50000US3607,43035,433645,0.099240162,60140,748295,0.080369373,FALSE
NY-08,NY,08,New York,"Jeffries, Hakeem",(D),84.6,13.5,89.2,10.2,86,14,50000US3608,265495,505915,0.524781831,393930,753060,0.523105729,TRUE
NY-09,NY,09,New York,"Clarke, Yvette",(D),83.5,14.4,85.2,13.9,84,15,50000US3609,223405,468060,0.477299919,358980,742130,0.483715791,TRUE
NY-10,NY,10,New York,"Nadler, Jerrold",(D),78.3,18.8,73.6,25.1,76,23,50000US3610,20270,482850,0.041979911,25450,731075,0.03481175,FALSE
NY-11,NY,11,New York,"Donovan, Dan",(R),43.8,53.6,51.6,47.3,48,51,50000US3611,33180,497800,0.066653274,50220,729160,0.068873773,FALSE
NY-12,NY,12,New York,"Maloney, Carolyn",(D),83.3,13.5,76.9,21.5,80,19,50000US3612,25005,545325,0.04585339,32085,725975,0.044195737,FALSE
NY-13,NY,13,New York,"Espaillat, Adriano",(D),92.3,5.4,94.6,4.6,93,6,50000US3613,138225,470505,0.293780087,194345,768090,0.253023734,FALSE
NY-14,NY,14,New York,"Crowley, Joe",(D),77.7,19.8,80.7,18.3,76,23,50000US3614,50035,402855,0.124201015,70030,722310,0.096952832,FALSE
NY-15,NY,15,New York,"Serrano, Jose",(D),93.8,4.9,96.7,3.0,95,5,50000US3615,124430,392885,0.316708452,212935,747880,0.284718137,FALSE
NY-16,NY,16,New York,"Engel, Eliot",(D),75.1,22.5,73.7,25.5,73,26,50000US3616,151615,485670,0.312176993,231115,738785,0.312831203,FALSE
NY-17,NY,17,New York,"Lowey, Nita",(D),58.6,38.4,57.1,41.9,58,41,50000US3617,49060,475730,0.103125723,73915,738465,0.10009276,FALSE
NY-18,NY,18,New York,"Maloney, Sean",(D),47.1,49.0,51.4,47.1,52,47,50000US3618,44740,516510,0.086619814,63255,721185,0.087709811,FALSE
NY-19,NY,19,New York,"Faso, John",(R),44.0,50.8,52.1,45.9,53,45,50000US3619,21150,553430,0.038216215,28770,707055,0.040689904,FALSE
NY-20,NY,20,New York,"Tonko, Paul",(D),54.0,40.5,59.2,38.8,58,40,50000US3620,45505,555755,0.081879605,63890,725335,0.088083437,FALSE
NY-21,NY,21,New York,"Stefanik, Elise",(R),40.0,53.9,52.2,46.1,52,47,50000US3621,17010,555510,0.030620511,20970,715390,0.029312683,FALSE
NY-22,NY,22,New York,"Tenney, Claudia",(R),39.3,54.8,48.8,49.2,49,49,50000US3622,18145,546920,0.033176699,26070,708360,0.03680332,FALSE
NY-23,NY,23,New York,"Reed, Tom",(R),39.7,54.5,48.4,49.6,50,49,50000US3623,15140,549390,0.027557837,19250,709935,0.027115158,FALSE
NY-24,NY,24,New York,"Katko, John",(R),48.9,45.3,57.0,41.1,56,42,50000US3624,38245,542710,0.070470417,56985,713915,0.079820427,FALSE
NY-25,NY,25,New York,"Slaughter, Louise",(D),55.5,39.1,58.8,39.4,59,40,50000US3625,73435,543400,0.13513986,108540,722210,0.150288697,FALSE
NY-26,NY,26,New York,"Higgins, Brian",(D),57.6,38.0,63.9,34.3,63,35,50000US3626,89450,543660,0.16453298,127470,714790,0.178332098,FALSE
NY-27,NY,27,New York,"Collins, Chris",(R),35.2,59.7,42.9,55.3,44,54,50000US3627,13760,561485,0.024506443,17440,719190,0.024249503,FALSE
NC-01,NC,01,North Carolina,"Butterfield, G.K.",(D),67.5,30.5,68.1,31.2,67.3,32.2,50000US3701,252765,548240,0.461048081,331780,745645,0.444957051,TRUE
NC-02,NC,02,North Carolina,"Holding, George",(R),43.6,53.2,43.0,56.0,44.8,54.3,50000US3702,112650,550380,0.204676769,153940,791510,0.194489015,FALSE
NC-03,NC,03,North Carolina,"Jones, Walter",(R),36.9,60.5,40.6,58.5,42.4,56.8,50000US3703,115885,563255,0.205741627,151840,749070,0.202704687,FALSE
NC-04,NC,04,North Carolina,"Price, David",(D),68.2,28.2,64.5,34.2,65.8,33.2,50000US3704,129765,557555,0.232739371,179335,806435,0.222379981,FALSE
NC-05,NC,05,North Carolina,"Foxx, Virginia",(R),39.8,57.4,42.3,56.5,44.6,54.2,50000US3705,80075,554570,0.14439115,107500,745705,0.144158883,FALSE
NC-06,NC,06,North Carolina,"Walker, Mark",(R),41.4,56.1,43.2,55.9,45.2,53.8,50000US3706,112625,547625,0.205660808,150335,754900,0.199145582,FALSE
NC-07,NC,07,North Carolina,"Rouzer, David",(R),39.9,57.6,43.2,55.9,44.6,54.6,50000US3707,114080,570785,0.199865098,148955,768410,0.193848336,FALSE
NC-08,NC,08,North Carolina,"Hudson, Richard",(R),41.1,56.1,44.4,54.7,45.3,53.9,50000US3708,124100,548190,0.226381364,168560,760680,0.221591208,FALSE
NC-09,NC,09,North Carolina,"Pittenger, Robert",(R),42.8,54.4,43.8,55.4,45.2,54.0,50000US3709,107630,537200,0.200353686,148255,763890,0.19407899,FALSE
NC-10,NC,10,North Carolina,"McHenry, Patrick",(R),36.4,61.0,40.4,58.5,41.6,57.4,50000US3710,66120,562725,0.117499667,88505,743720,0.119003119,FALSE
NC-11,NC,11,North Carolina,"Meadows, Mark",(R),34.0,63.2,39.1,59.6,41.5,57.1,50000US3711,18170,577030,0.031488831,23195,743350,0.031203336,FALSE
NC-12,NC,12,North Carolina,"Adams, Alma",(D),68.4,28.4,67.8,31.3,68.0,31.3,50000US3712,211065,535450,0.394182463,297015,811815,0.365865376,TRUE
NC-13,NC,13,North Carolina,"Budd, Ted",(R),44.0,53.4,46.1,52.9,47.9,51.2,50000US3713,120635,550790,0.219021769,163500,755695,0.216357128,FALSE
ND-AL,ND,AL,North Dakota,"Cramer, Kevin",(R),27.7,64.1,38.9,58.7,44.6,53.3,50000US3800,7975,555690,0.014351527,14540,736160,0.019751141,FALSE
OH-01,OH,01,Ohio,"Chabot, Steve",(R),44.6,51.2,46.3,52.4,47.2,51.8,50000US3901,110345,532175,0.207347207,159715,730365,0.218678332,FALSE
OH-02,OH,02,Ohio,"Wenstrup, Brad",(R),39.7,55.8,43.7,54.7,44.3,54.2,50000US3902,44875,548460,0.081820005,61680,724850,0.085093468,FALSE
OH-03,OH,03,Ohio,"Beatty, Joyce",(D),67.0,28.6,69.7,28.9,67.4,31.3,50000US3903,159580,527415,0.302570082,246075,757870,0.324692889,TRUE
OH-04,OH,04,Ohio,"Jordan, Jim",(R),30.7,64.3,42.0,56.0,43.7,54.4,50000US3904,27775,543735,0.051081869,36555,712615,0.051296984,FALSE
OH-05,OH,05,Ohio,"Latta, Bob",(R),34.6,59.7,44.1,53.9,46.0,52.2,50000US3905,15205,552230,0.027533817,20405,724865,0.028150069,FALSE
OH-06,OH,06,Ohio,"Johnson, Bill",(R),26.7,69.3,42.7,55.2,44.7,53.1,50000US3906,12615,553420,0.022794623,15725,707255,0.022233848,FALSE
OH-07,OH,07,Ohio,"Gibbs, Bob",(R),32.8,62.5,44.2,53.7,46.9,50.9,50000US3907,20555,548690,0.037461955,28865,723915,0.039873466,FALSE
OH-08,OH,08,Ohio,"Davidson, Warren",(R),30.6,65.1,36.4,61.9,38.1,60.3,50000US3908,29655,539035,0.05501498,42695,724240,0.058951453,FALSE
OH-09,OH,09,Ohio,"Kaptur, Marcy",(D),58.7,36.5,67.6,30.9,66.8,31.6,50000US3909,79180,539375,0.146799537,110595,712630,0.155192737,FALSE
OH-10,OH,10,Ohio,"Turner, Michael",(R),44.0,51.3,48.2,50.1,49.3,49.3,50000US3910,90150,548110,0.164474284,121750,721070,0.168846298,FALSE
OH-11,OH,11,Ohio,"Fudge, Marcia",(D),80.5,17.0,82.8,16.5,82.0,17.2,50000US3911,274035,526675,0.520311387,372955,700215,0.532629264,TRUE
OH-12,OH,12,Ohio,"Balderson, Troy",(R),41.9,53.2,43.9,54.4,44.8,53.7,50000US3912,24480,557080,0.043943419,33985,753565,0.045098963,FALSE
OH-13,OH,13,Ohio,"Ryan, Tim",(D),51.1,44.6,62.9,35.4,62.3,35.8,50000US3913,59280,554020,0.106999747,80800,711935,0.113493507,FALSE
OH-14,OH,14,Ohio,"Joyce, David",(R),42.1,53.6,47.6,50.9,49.1,49.4,50000US3914,22715,546795,0.041542077,30690,718095,0.042738078,FALSE
OH-15,OH,15,Ohio,"Stivers, Steve",(R),39.9,55.3,46.3,51.9,46.1,52.2,50000US3915,21590,563145,0.038338261,28375,741445,0.038269865,FALSE
OH-16,OH,16,Ohio,"Renacci, Jim",(R),39.5,56.1,45.2,53.4,47.2,51.3,50000US3916,11145,553770,0.020125684,15920,722005,0.022049709,FALSE
OK-01,OK,01,Oklahoma,,(R),32.7,61.4,34.2,65.8,35.8,64.2,50000US4001,45980,547165,0.084033153,66215,781425,0.084736219,FALSE
OK-02,OK,02,Oklahoma,"Mullin, Markwayne",(R),22.8,72.9,32.2,67.8,34.3,65.7,50000US4002,19780,561960,0.035198235,25945,748895,0.034644376,FALSE
OK-03,OK,03,Oklahoma,"Lucas, Frank",(R),20.9,73.6,26.1,73.9,27.1,72.9,50000US4003,21470,561980,0.038204207,27670,772390,0.035823871,FALSE
OK-04,OK,04,Oklahoma,"Cole, Tom",(R),28.3,65.7,32.9,67.1,33.9,66.1,50000US4004,37355,576030,0.064849053,51035,777880,0.065607806,FALSE
OK-05,OK,05,Oklahoma,"Russell, Steve",(R),39.8,53.2,40.8,59.2,40.8,59.2,50000US4005,74995,540520,0.138746022,106500,794990,0.133963949,FALSE
OR-01,OR,01,Oregon,"Bonamici, Suzanne",(D),57.3,34.5,57.3,40.0,59.6,37.7,50000US4101,8700,560150,0.015531554,12365,807470,0.015313262,FALSE
OR-02,OR,02,Oregon,"Walden, Greg",(R),36.4,56.5,40.5,56.8,43.3,53.8,50000US4102,3295,585425,0.00562839,4505,788710,0.005711859,FALSE
OR-03,OR,03,Oregon,"Blumenauer, Earl",(D),70.7,22.5,72.0,24.7,72.9,24.3,50000US4103,27150,594095,0.045699762,40665,811145,0.050132837,FALSE
OR-04,OR,04,Oregon,"DeFazio, Peter",(D),46.1,46.0,51.7,45.0,54.2,42.7,50000US4104,4350,606260,0.007175139,5785,779055,0.007425663,FALSE
OR-05,OR,05,Oregon,"Schrader, Kurt",(D),48.3,44.1,50.5,47.1,53.0,44.2,50000US4105,5070,565405,0.008967024,7335,795885,0.009216156,FALSE
PA-01,PA,01,Pennsylvania,"Brady, Bob",(D),79.5,18.2,82.3,16.9,78.7,20.6,50000US4201,167865,505845,0.331850666,247740,718735,0.344688933,FALSE
PA-02,PA,02,Pennsylvania,"Evans, Dwight",(D),90.4,7.6,90.4,9.0,91.0,8.8,50000US4202,306380,538510,0.568940224,407615,712390,0.572179565,TRUE
PA-03,PA,03,Pennsylvania,"Kelly, Mike",(R),35.0,61.1,43.0,55.6,46.3,52.3,50000US4203,21655,543995,0.039807351,31295,697810,0.044847451,FALSE
PA-04,PA,04,Pennsylvania,"Perry, Scott",(R),37.1,58.6,41.5,57.1,45.1,53.8,50000US4204,36070,542455,0.066493995,52960,717235,0.073839118,FALSE
PA-05,PA,05,Pennsylvania,"Thompson, Glenn",(R),33.5,62.3,41.5,57.1,47.1,51.5,50000US4205,14165,559550,0.025314985,16585,705575,0.023505651,FALSE
PA-06,PA,06,Pennsylvania,"Costello, Ryan",(R),48.2,47.6,48.1,50.6,53.0,46.0,50000US4206,20795,538770,0.038597175,29350,722755,0.040608505,FALSE
PA-07,PA,07,Pennsylvania,"Meehan, Pat",(R),49.3,47.0,48.5,50.4,51.2,47.8,50000US4207,28265,538095,0.052527899,39010,717690,0.054354944,FALSE
PA-08,PA,08,Pennsylvania,"Fitzpatrick, Brian",(R),48.0,48.2,49.3,49.4,53.2,45.7,50000US4208,17675,535215,0.033024112,26255,708465,0.037058994,FALSE
PA-09,PA,09,Pennsylvania,"Schuster, Bill",(R),27.2,69.7,35.9,62.8,40.9,57.9,50000US4209,14605,550530,0.026528981,19025,698750,0.027227191,FALSE
PA-10,PA,10,Pennsylvania,"Marino, Tom",(R),30.1,66.1,38.4,60.1,42.3,56.5,50000US4210,16960,549600,0.030858806,22925,701755,0.032668096,FALSE
PA-11,PA,11,Pennsylvania,"Barletta, Lou",(R),36.2,60.0,44.5,53.9,47.1,51.7,50000US4211,25395,549425,0.046221049,34590,706990,0.048925727,FALSE
PA-12,PA,12,Pennsylvania,"Rothfus, Keith",(R),37.9,58.7,40.9,57.8,44.7,54.1,50000US4212,16310,553555,0.0294641,21715,702325,0.030918734,FALSE
PA-13,PA,13,Pennsylvania,"Boyle, Brendan",(D),65.3,31.7,66.2,32.9,65.4,33.7,50000US4213,87235,504905,0.172775076,134430,723655,0.185765316,FALSE
PA-14,PA,14,Pennsylvania,"Doyle, Michael",(D),66.0,30.5,68.0,30.6,67.0,32.0,50000US4214,107510,558545,0.192482253,149975,702800,0.213396414,FALSE
PA-15,PA,15,Pennsylvania,"Dent, Charlie",(R),44.2,51.8,47.9,50.8,52.1,46.6,50000US4215,20070,542795,0.036975285,29295,719410,0.040720868,FALSE
PA-16,PA,16,Pennsylvania,"Smucker, Lloyd",(R),44.2,51.0,46.3,52.4,50.1,49.0,50000US4216,28815,516195,0.055821928,42000,722005,0.058171342,FALSE
PA-17,PA,17,Pennsylvania,"Cartwright, Matt",(D),43.3,53.4,55.4,43.3,56.9,41.9,50000US4217,26630,541395,0.049187746,38395,698820,0.054942618,FALSE
PA-18,PA,18,Pennsylvania,,(R),38.5,58.1,41.0,57.9,43.8,55.2,50000US4218,12335,556465,0.022166713,16035,706815,0.022686276,FALSE
RI-01,RI,01,Rhode Island,"Cicilline, David",(D),60.5,34.9,66.2,32.2,66.6,31.8,50000US4401,24100,380180,0.063391025,41310,529710,0.077986068,FALSE
RI-02,RI,02,Rhode Island,"Langevin, Jim",(D),51.1,44.0,59.8,38.3,59.9,38.3,50000US4402,13145,400070,0.03285675,18895,524785,0.036005221,FALSE
SC-01,SC,01,South Carolina,"Sanford, Mark",(R),40.4,53.5,40.2,58.3,42.7,56.1,50000US4501,100470,548115,0.18330095,137270,731010,0.187781289,FALSE
SC-02,SC,02,South Carolina,"Wilson, Joe",(R),38.6,56.3,39.4,59.1,39.4,59.5,50000US4502,117025,511795,0.228656005,159595,689145,0.231584064,FALSE
SC-03,SC,03,South Carolina,"Duncan, Jeff",(R),29.0,67.0,33.9,64.5,35.1,63.5,50000US4503,94310,510445,0.184760356,123880,672525,0.184201331,FALSE
SC-04,SC,04,South Carolina,"Gowdy, Trey",(R),34.5,60.2,36.2,62.2,37.7,60.6,50000US4504,96925,504180,0.19224285,132195,697850,0.189431826,FALSE
SC-05,SC,05,South Carolina,"Norman, Ralph",(R),38.8,57.3,43.6,55.1,43.8,55.0,50000US4505,137130,513415,0.267093871,183685,687475,0.267187898,FALSE
SC-06,SC,06,South Carolina,"Clyburn, Jim",(D),66.8,30.3,70.9,28.1,70.1,28.9,50000US4506,285230,506565,0.563066931,378345,667170,0.567089348,TRUE
SC-07,SC,07,South Carolina,"Rice, Tom",(R),39.1,58.0,44.4,54.5,45.3,53.6,50000US4507,146640,526315,0.278616418,198860,689425,0.288443268,FALSE
SD-AL,SD,AL,South Dakota,"Noem, Kristi",(R),31.7,61.5,39.9,57.9,44.7,53.2,50000US4600,6375,627070,0.010166329,13720,851060,0.016121073,FALSE
TN-01,TN,01,Tennessee,"Roe, Phil",(R),19.7,76.7,25.7,72.7,28.6,69.9,50000US4701,11670,554390,0.021050163,15015,711220,0.021111611,FALSE
TN-02,TN,02,Tennessee,"Duncan, John",(R),29.7,65.1,30.9,67.3,34.5,64.0,50000US4702,32435,556865,0.058245715,45620,726680,0.062778665,FALSE
TN-03,TN,03,Tennessee,"Fleischmann, Chuck",(R),30.2,65.4,35.1,63.3,37.3,61.3,50000US4703,57575,554160,0.103895987,77225,719835,0.10728153,FALSE
TN-04,TN,04,Tennessee,"DesJarlais, Scott",(R),27.4,68.6,33.1,65.3,35.8,62.6,50000US4704,45725,548310,0.083392606,62315,745635,0.083573062,FALSE
TN-05,TN,05,Tennessee,"Cooper, Jim",(D),56.6,38.2,55.9,42.5,57.5,41.3,50000US4705,134675,535780,0.2513625,186575,747390,0.249635398,FALSE
TN-06,TN,06,Tennessee,"Black, Diane",(R),23.7,72.6,29.5,69.1,33.5,64.9,50000US4706,22200,553990,0.040072926,31010,737895,0.042024949,FALSE
TN-07,TN,07,Tennessee,"Blackburn, Marsha",(R),28.2,67.5,32.9,65.7,36.3,62.4,50000US4707,53630,543675,0.098643491,72670,742790,0.097833843,FALSE
TN-08,TN,08,Tennessee,"Kustoff, David",(R),30.7,66.3,32.8,66.1,34.9,64.1,50000US4708,102165,529630,0.192898816,140530,708570,0.198329029,FALSE
TN-09,TN,09,Tennessee,"Cohen, Steve",(D),77.5,19.8,78.3,20.9,77.0,22.5,50000US4709,332070,499810,0.664392469,463950,707990,0.655305866,FALSE
TX-01,TX,01,Texas,"Gohmert, Louie",(R),25.3,72.2,27.5,71.6,30,69,50000US4801,92645,499610,0.185434639,124745,711850,0.17524057,FALSE
TX-02,TX,02,Texas,"Poe, Ted",(R),43.1,52.4,35.6,62.9,37,62,50000US4802,56020,486245,0.115209411,81060,758740,0.106835016,FALSE
TX-03,TX,03,Texas,"Johnson, Sam",(R),40.6,54.8,34.2,64.3,37,61,50000US4803,45960,504145,0.091164248,71780,791520,0.090686275,FALSE
TX-04,TX,04,Texas,"Ratcliffe, John",(R),21.8,75.4,24.8,74.0,29,70,50000US4804,55195,517265,0.10670546,74935,721525,0.103856415,FALSE
TX-05,TX,05,Texas,"Hensarling, Jeb",(R),34.3,62.7,34.4,64.5,37,62,50000US4805,75945,468325,0.162163028,110065,731795,0.150404143,FALSE
TX-06,TX,06,Texas,"Barton, Joe",(R),41.9,54.2,40.8,57.9,42,57,50000US4806,97050,500690,0.193832511,145650,745200,0.195450886,FALSE
TX-07,TX,07,Texas,"Culberson, John",(R),48.5,47.1,38.6,59.9,40,59,50000US4807,61750,439465,0.140511759,96580,753090,0.128244964,FALSE
TX-08,TX,08,Texas,"Brady, Kevin",(R),23.9,72.7,21.7,77.0,26,73,50000US4808,47400,527680,0.089827168,63055,782315,0.080600525,FALSE
TX-09,TX,09,Texas,"Green, Al",(D),79.3,18.0,78.0,21.1,76,23,50000US4809,195105,409080,0.476936052,284055,762610,0.372477413,TRUE
TX-10,TX,10,Texas,"McCaul, Michael",(R),43.2,52.3,38.8,59.1,43,56,50000US4810,57210,511630,0.111819088,81220,783310,0.103688195,FALSE
TX-11,TX,11,Texas,"Conaway, Michael",(R),19.1,77.8,19.6,79.2,23,76,50000US4811,19030,517260,0.036790009,26735,744590,0.035905666,FALSE
TX-12,TX,12,Texas,"Granger, Kay",(R),32.7,62.9,31.7,66.8,35,64,50000US4812,43945,523345,0.083969466,62750,758405,0.082739433,FALSE
TX-13,TX,13,Texas,"Thornberry, Mac",(R),16.9,79.9,18.5,80.2,22,77,50000US4813,26725,488195,0.05474247,36475,707120,0.051582475,FALSE
TX-14,TX,14,Texas,"Weber, Randy",(R),38.4,58.2,39.5,59.3,42,57,50000US4814,105365,505225,0.208550646,142950,726920,0.196651626,FALSE
TX-15,TX,15,Texas,"Gonzalez, Vicente",(D),56.7,40.0,57.4,41.5,57,42,50000US4815,9545,401210,0.023790534,12315,753130,0.016351759,FALSE
TX-16,TX,16,Texas,"O'Rourke, Beto",(D),67.9,27.2,64.2,34.5,64,35,50000US4816,18635,436290,0.042712416,25360,732020,0.034643862,FALSE
TX-17,TX,17,Texas,"Flores, Bill",(R),38.8,56.3,37.7,60.4,41,58,50000US4817,68305,513655,0.132978361,95290,738775,0.128983791,FALSE
TX-18,TX,18,Texas,"Jackson-Lee, Sheila",(D),76.5,20.0,76.1,22.8,77,23,50000US4818,205085,441980,0.464014209,280960,749985,0.374620826,TRUE
TX-19,TX,19,Texas,"Arrington, Jodey",(R),23.5,72.5,25.0,73.6,28,71,50000US4819,30275,506685,0.059751127,42200,718945,0.058697119,FALSE
TX-20,TX,20,Texas,"Castro, Joaquin",(D),61.0,34.3,58.9,39.7,58,41,50000US4820,27945,496925,0.05623585,37990,762155,0.049845504,FALSE
TX-21,TX,21,Texas,"Smith, Lamar",(R),42.5,52.5,37.9,59.8,42,56,50000US4821,18985,568005,0.033424002,24935,762035,0.032721594,FALSE
TX-22,TX,22,Texas,"Olson, Pete",(R),44.2,52.1,36.7,62.1,39,60,50000US4822,73705,506805,0.145430688,108555,814295,0.133311638,FALSE
TX-23,TX,23,Texas,"Hurd, Will",(R),49.8,46.4,48.1,50.7,50,49,50000US4823,17295,454290,0.038070396,23425,741365,0.031597122,TRUE
TX-24,TX,24,Texas,"Marchant, Kenny",(R),44.5,50.7,38.0,60.4,41,58,50000US4824,55475,479310,0.115739292,82465,759715,0.108547284,FALSE
TX-25,TX,25,Texas,"Williams, Roger",(R),40.2,55.1,37.8,59.9,43,56,50000US4825,37940,530765,0.071481729,50765,746615,0.067993544,FALSE
TX-26,TX,26,Texas,"Burgess, Michael",(R),34.4,60.9,30.7,67.6,35,64,50000US4826,39605,525300,0.075395012,57930,796180,0.072759929,FALSE
TX-27,TX,27,Texas,,(R),36.5,60.1,38.2,60.5,40,59,50000US4827,27305,506810,0.053876206,36385,726805,0.050061571,FALSE
TX-28,TX,28,Texas,"Cuellar, Henry",(D),58.3,38.5,60.3,38.7,58,41,50000US4828,21560,403040,0.05349345,28745,735440,0.039085445,FALSE
TX-29,TX,29,Texas,"Green, Gene",(D),71.1,25.4,65.9,33.0,62,37,50000US4829,54245,336500,0.161203566,75760,729880,0.103797885,FALSE
TX-30,TX,30,Texas,"Johnson, E.B.",(D),79.1,18.3,79.6,19.6,78,21,50000US4830,237410,449920,0.527671586,324410,745785,0.434991318,TRUE
TX-31,TX,31,Texas,"Carter, John",(R),40.8,53.5,38.3,59.6,43,56,50000US4831,59495,531830,0.111868454,85305,782480,0.109018761,FALSE
TX-32,TX,32,Texas,"Sessions, Pete",(R),48.5,46.6,41.5,57.0,44,55,50000US4832,61980,477325,0.129848636,94730,742055,0.127659001,FALSE
TX-33,TX,33,Texas,"Veasey, Marc",(D),72.9,23.7,72.0,27.1,69,31,50000US4833,78160,320165,0.244124123,113595,719960,0.157779599,TRUE
TX-34,TX,34,Texas,"Vela, Filemon",(D),59.2,37.7,60.8,38.3,60,39,50000US4834,6810,410070,0.016606921,8675,718320,0.01207679,FALSE
TX-35,TX,35,Texas,"Doggett, Lloyd",(D),64.1,30.5,63.0,34.6,63,35,50000US4835,51525,485480,0.106132075,69940,777260,0.08998276,FALSE
TX-36,TX,36,Texas,"Babin, Brian",(R),25.2,72.0,25.7,73.2,30,69,50000US4836,46990,497110,0.094526362,64665,724245,0.089286084,FALSE
UT-01,UT,01,Utah,"Bishop, Rob",(R),22.4,49.7,20.4,77.4,29.4,67.7,50000US4901,4510,476185,0.009471109,7105,730390,0.00972768,FALSE
UT-02,UT,02,Utah,"Stewart, Chris",(R),32.0,46.0,29.2,68.0,38.4,58.5,50000US4902,4180,478955,0.008727333,8375,727560,0.011511078,FALSE
UT-03,UT,03,Utah,"Curtis, John",(R),23.3,47.2,19.5,78.3,29.5,67.5,50000US4903,2200,476230,0.004619617,3955,732870,0.005396591,FALSE
UT-04,UT,04,Utah,"Love, Mia",(R),32.4,39.1,30.2,67.2,40.9,56.1,50000US4904,5780,472130,0.012242391,11200,757605,0.014783429,TRUE
VT-AL,VT,AL,Vermont,"Welch, Peter",(D),56.7,30.3,67.0,31.2,67.8,30.6,50000US5000,3930,493535,0.007962961,7115,626250,0.011361277,FALSE
VA-01,VA,01,Virginia,"Wittman, Rob",(R),41.2,53.6,43.4,55.3,43.8,55.4,50000US5101,92890,554970,0.167378417,124350,767680,0.161981555,FALSE
VA-02,VA,02,Virginia,"Taylor, Scott",(R),45.4,48.8,48.2,50.5,47.9,51.1,50000US5102,107035,553525,0.193369766,144790,739005,0.195925603,FALSE
VA-03,VA,03,Virginia,"Scott, Bobby",(D),63.6,31.9,67.6,31.3,65.4,33.9,50000US5103,249255,552090,0.451475303,337135,738465,0.456534839,TRUE
VA-04,VA,04,Virginia,"McEachin, Donald",(D),58.7,37.1,60.3,38.5,60.1,39.1,50000US5104,238630,575525,0.41463012,311070,754070,0.412521384,TRUE
VA-05,VA,05,Virginia,"Garrett, Tom",(R),42.3,53.4,45.9,52.5,46.8,52.2,50000US5105,113780,565810,0.201092239,145110,731805,0.198290528,FALSE
VA-06,VA,06,Virginia,"Goodlatte, Bob",(R),34.9,59.7,39.5,58.8,41.2,57.7,50000US5106,58095,570580,0.101817449,79460,744505,0.106728632,FALSE
VA-07,VA,07,Virginia,"Brat, Dave",(R),44.0,50.5,44.1,54.6,44.9,54.3,50000US5107,100595,547585,0.183706639,134250,762525,0.176059801,FALSE
VA-08,VA,08,Virginia,"Beyer, Don",(D),73.5,20.9,67.8,31.0,66.3,32.8,50000US5108,68305,503720,0.135601128,106085,778375,0.136290348,FALSE
VA-09,VA,09,Virginia,"Griffith, Morgan",(R),27.3,68.8,34.9,63.1,39.7,58.9,50000US5109,30625,571125,0.053622237,38765,717480,0.054029381,FALSE
VA-10,VA,10,Virginia,"Comstock, Barbara",(R),52.2,42.2,48.8,49.9,49.6,49.6,50000US5110,37005,515700,0.071756835,53085,796570,0.066641977,FALSE
VA-11,VA,11,Virginia,"Connolly, Gerry",(D),66.9,27.5,62.5,36.3,60.7,38.5,50000US5111,65870,488270,0.134904868,100230,779820,0.128529661,FALSE
WA-01,WA,01,Washington,"DelBene, Suzan",(D),54.1,37.8,54.1,43.3,56.3,41.9,50000US5301,5615,491410,0.011426304,8415,716615,0.011742707,FALSE
WA-02,WA,02,Washington,"Larsen, Rick",(D),56.9,34.8,59.2,38.0,60.5,37.6,50000US5302,12270,514495,0.023848628,19565,706520,0.027692068,FALSE
WA-03,WA,03,Washington,"Herrera Beutler, Jaime",(R),42.5,49.9,47.9,49.6,50.9,47.1,50000US5303,6920,504500,0.013716551,9700,699965,0.013857836,FALSE
WA-04,WA,04,Washington,"Newhouse, Dan",(R),35.1,57.9,37.9,59.7,39.2,58.9,50000US5304,4665,421045,0.011079576,7140,704695,0.010132043,FALSE
WA-05,WA,05,Washington,"McMorris Rodgers, Cathy",(R),39.1,52.2,43.7,53.5,46.3,51.2,50000US5305,7535,521445,0.01445023,10570,691150,0.015293352,FALSE
WA-06,WA,06,Washington,"Kilmer, Derek",(D),51.8,39.5,56.1,41.2,57.0,40.9,50000US5306,18370,530230,0.034645343,23280,686050,0.033933387,FALSE
WA-07,WA,07,Washington,"Jayapal, Pramila",(D),82.1,12.2,79.2,18.1,80.4,18.0,50000US5307,19540,557715,0.035035816,30310,729530,0.041547298,FALSE
WA-08,WA,08,Washington,"Reichert, David",(R),47.7,44.7,49.7,48.1,51.5,46.8,50000US5308,13070,491295,0.026603161,19510,713795,0.027332778,FALSE
WA-09,WA,09,Washington,"Smith, Adam",(D),70.5,23.3,68.3,29.6,68.6,29.9,50000US5309,49025,464790,0.105477743,76885,714190,0.107653426,FALSE
WA-10,WA,10,Washington,"Heck, Denny",(D),51.3,39.9,56.3,41.1,57.2,41.0,50000US5310,31425,511110,0.061483829,42755,710630,0.060164924,FALSE
WV-01,WV,01,West Virginia,"McKinley, David",(R),26.4,68.0,35.5,62.2,41.5,56.7,50000US5401,11950,491170,0.024329662,15575,617075,0.025240044,FALSE
WV-02,WV,02,West Virginia,"Mooney, Alex",(R),29.4,65.8,38.0,60.0,43.9,54.7,50000US5402,18585,485510,0.038279335,24615,625140,0.03937518,FALSE
WV-03,WV,03,West Virginia,"Jenkins, Evan",(R),23.3,72.5,32.8,65.0,42.3,55.7,50000US5403,17890,476530,0.037542232,22640,603875,0.037491203,FALSE
WI-01,WI,01,Wisconsin,"Ryan, Paul",(R),42.3,52.6,47.4,51.6,50.8,48.1,50000US5501,26425,529810,0.049876371,37915,715455,0.052994248,FALSE
WI-02,WI,02,Wisconsin,"Pocan, Mark",(D),65.8,29.0,68.3,30.5,70.1,28.6,50000US5502,19755,550465,0.03588784,31180,741375,0.042056989,FALSE
WI-03,WI,03,Wisconsin,"Kind, Ron",(D),44.8,49.3,54.8,43.8,59.4,39.1,50000US5503,5710,558335,0.010226835,7500,718575,0.010437324,FALSE
WI-04,WI,04,Wisconsin,"Moore, Gwen",(D),74.0,21.8,75.3,23.8,74.4,24.6,50000US5504,162060,493865,0.328146356,241165,715265,0.337168742,TRUE
WI-05,WI,05,Wisconsin,"Sensenbrenner, Jim",(R),37.3,57.4,37.7,61.3,41.8,57.2,50000US5505,9645,546590,0.017645767,13845,719340,0.01924681,FALSE
WI-06,WI,06,Wisconsin,"Grothman, Glenn",(R),38.8,55.7,45.8,53.1,49.4,49.3,50000US5506,8445,546370,0.015456559,10880,712500,0.015270175,FALSE
WI-07,WI,07,Wisconsin,"Duffy, Sean",(R),37.3,57.8,47.8,50.9,53.2,45.3,50000US5507,2905,546440,0.005316229,4990,709035,0.007037734,FALSE
WI-08,WI,08,Wisconsin,"Gallagher, Mike",(R),38.6,56.2,47.6,51.3,53.7,45.0,50000US5508,5515,541425,0.010186083,8730,723245,0.012070598,FALSE
WY-AL,WY,AL,Wyoming,"Cheney, Liz",(R),22.5,70.1,27.6,68.2,32.7,65.2,50000US5600,3955,432375,0.009147152,6235,583030,0.010694132,FALSE
